community_id,community_size,rank_in_community,actor_name,actor_id,weighted_degree,degree,projects,main_genre
108,5460,1,Raymond Hatton,nm0369058,1517,896,185,Drama
108,5460,2,Tom Mix,nm0594291,1334,523,237,Western
108,5460,3,Noah Beery,nm0001935,1217,821,148,Drama
108,5460,4,Tully Marshall,nm0551222,1193,822,144,Drama
108,5460,5,Charles K. French,nm0294058,1188,779,156,Drama
108,5460,6,Josef Swickard,nm0842522,1181,748,153,Drama
108,5460,7,Joseph W. Girard,nm0320681,1134,783,158,Drama
108,5460,8,Lafe McKee,nm0571186,1090,601,137,Drama
108,5460,9,George Fawcett,nm0269493,1078,774,133,Drama
108,5460,10,Lucien Littlefield,nm0514707,1078,759,128,Drama
49,4530,1,Charles Ogle,nm0644728,1425,525,248,Drama
49,4530,2,Alec B. Francis,nm0290066,1241,835,154,Drama
49,4530,3,Bryant Washburn,nm0913341,1034,648,152,Drama
49,4530,4,Montagu Love,nm0002311,921,721,114,Drama
49,4530,5,Stuart Holmes,nm0392059,841,646,116,Drama
49,4530,6,Julia Swayne Gordon,nm0330352,788,510,106,Drama
49,4530,7,Arthur Housman,nm0396768,773,598,101,Comedy
49,4530,8,Anders Randolf,nm0709856,758,573,98,Drama
49,4530,9,Frank Currier,nm0193005,756,555,98,Drama
49,4530,10,Crauford Kent,nm0448696,734,620,94,Drama
66,3443,1,J. Farrell MacDonald,nm0531759,1270,925,152,Drama
66,3443,2,Zasu Pitts,nm0686032,1254,876,150,Comedy
66,3443,3,Richard Tucker,nm0875983,1136,803,148,Drama
66,3443,4,Eugene Pallette,nm0657874,1005,728,132,Drama
66,3443,5,Arthur Hoyt,nm0398446,998,773,121,Drama
66,3443,6,John Miljan,nm0587534,916,652,112,Drama
66,3443,7,Wade Boteler,nm0098424,876,696,105,Drama
66,3443,8,Fred Kohler,nm0463264,852,650,101,Drama
66,3443,9,Jean Hersholt,nm0380965,851,647,105,Drama
66,3443,10,Edmund Breese,nm0106785,841,621,102,Drama
115,3339,1,Paul Hörbiger,nm0405977,722,425,83,Comedy
115,3339,2,Conrad Veidt,nm0891998,689,468,88,Drama
115,3339,3,Julius Falkenstein,nm0266254,660,396,77,Comedy
115,3339,4,Werner Krauss,nm0470328,659,409,90,Drama
115,3339,5,Hans Albers,nm0002161,613,424,78,Drama
115,3339,6,Hans Junkermann,nm0432721,564,368,68,Comedy
115,3339,7,Adele Sandrock,nm0762277,550,375,64,Comedy
115,3339,8,Margarete Kupfer,nm0475470,531,346,65,Comedy
115,3339,9,Alfred Abel,nm0002154,499,355,61,Drama
115,3339,10,Olga Tschechowa,nm0874781,492,356,58,Drama
131,2515,1,John Stuart,nm0835738,330,267,43,Drama
131,2515,2,Syd Crossley,nm0189360,319,284,42,Comedy
131,2515,3,Gibb McLaughlin,nm0572324,319,272,39,Drama
131,2515,4,Donald Calthrop,nm0130740,285,244,34,Drama
131,2515,5,Gordon Harker,nm0363104,279,226,33,Drama
131,2515,6,Henry Victor,nm0896109,274,253,34,Drama
131,2515,7,Clifford Heatherley,nm0372751,273,224,33,Comedy
131,2515,8,Lawford Davidson,nm0203406,265,243,34,Drama
131,2515,9,Fred Groves,nm0344059,259,168,45,Drama
131,2515,10,John Loder,nm0517058,257,237,30,Drama
176,1827,1,José Montenegro,nm0599363,291,165,40,Drama
176,1827,2,Javier de Rivera,nm0729294,249,160,31,Drama
176,1827,3,María Anaya,nm0025753,236,162,29,Comedy
176,1827,4,María Comendador,nm0173732,191,120,23,Drama
176,1827,5,Joaquín Carrasco,nm0140054,161,107,32,Drama
176,1827,6,Elisa Ruiz Romero,nm0749652,161,107,21,Drama
176,1827,7,Modesto Rivas,nm0729099,159,113,20,Drama
176,1827,8,José Argüelles,nm0034616,142,120,19,Comedy
176,1827,9,Antonio Mata,nm0557991,137,96,18,Drama
176,1827,10,Antonio Gil Varela 'Varillas',nm0317715,132,103,17,Drama
112,1664,1,John Ekman,nm0252476,414,205,58,Drama
112,1664,2,Stina Berg,nm0073906,354,193,47,Drama
112,1664,3,Richard Lund,nm0526234,329,152,46,Drama
112,1664,4,Jenny Tschernichin-Larsson,nm0874799,322,153,44,Drama
112,1664,5,Karin Swanström,nm0841889,316,201,36,Drama
112,1664,6,Edvin Adolphson,nm0002158,300,192,35,Drama
112,1664,7,Nils Lundell,nm0526398,270,180,31,Drama
112,1664,8,Georg Blomstedt,nm0089002,264,188,30,Drama
112,1664,9,Dagmar Ebbesen,nm0247954,263,164,30,Comedy
112,1664,10,William Larsson,nm0489296,233,109,37,Drama
154,1599,1,Gaston Modot,nm0595321,204,177,27,Drama
154,1599,2,Gaston Jacquet,nm0415199,152,138,19,Drama
154,1599,3,Edmond Van Daële,nm0885965,149,134,19,Drama
154,1599,4,Charles Vanel,nm0889024,147,132,18,Drama
154,1599,5,Arlette Marchal,nm0545349,143,135,18,Drama
154,1599,6,Raymond Cordy,nm0179690,135,118,15,Drama
154,1599,7,Camille Bert,nm0077785,134,121,17,Drama
154,1599,8,Édouard Mathé,nm0559013,131,65,17,Drama
154,1599,9,Léon Mathot,nm0537222,130,105,21,Drama
154,1599,10,Berthe Jalabert,nm0416070,124,111,15,Drama
74,1256,1,Bebe Daniels,nm0199841,1791,584,219,Comedy
74,1256,2,Harold Lloyd,nm0516001,1519,287,187,Comedy
74,1256,3,Sammy Brooks,nm0112239,1298,237,146,Comedy
74,1256,4,'Snub' Pollard,nm0689444,1294,202,157,Comedy
74,1256,5,Edgar Kennedy,nm0448012,1265,644,165,Comedy
74,1256,6,Oliver Hardy,nm0001316,1195,466,177,Comedy
74,1256,7,Bud Jamison,nm0417168,1180,427,143,Comedy
74,1256,8,Mabel Normand,nm0635667,1143,334,197,Comedy
74,1256,9,Ford Sterling,nm0827509,1138,479,184,Comedy
74,1256,10,Louise Fazenda,nm0269771,1088,628,138,Comedy
71,956,1,Ivan Koval-Samborsky,nm0468288,150,136,19,Drama
71,956,2,Sergey Komarov,nm0464561,104,66,13,Drama
71,956,3,Vladimir Fogel,nm0283901,94,66,12,Drama
71,956,4,Andrei Kostrichkin,nm0467507,92,60,12,Drama
71,956,5,Vladimir Uralskiy,nm0881555,89,83,11,Drama
71,956,6,Aleksandr Chistyakov,nm0158297,89,77,10,Drama
71,956,7,Yanina Zheymo,nm0955567,84,50,11,Drama
71,956,8,Nikolay Cherkasov,nm0003540,79,71,12,Drama
71,956,9,Fyodor Nikitin,nm0631705,79,56,9,Drama
71,956,10,Aleksandr Gromov,nm0343041,77,64,12,Drama
145,730,1,Cesare Zoppetti,nm0957867,183,131,21,Comedy
145,730,2,Vasco Creti,nm0187642,177,131,20,Drama
145,730,3,Oreste Bilancia,nm0049763,167,140,19,Drama
145,730,4,Bartolomeo Pagano,nm0656034,157,101,24,Adventure
145,730,5,Maria Denis,nm0219166,138,108,16,Comedy
145,730,6,Raimondo Van Riel,nm0887830,137,129,16,Drama
145,730,7,Ugo Ceseri,nm0149085,133,99,16,Drama
145,730,8,Olga Capri,nm0135635,127,88,15,Drama
145,730,9,Maurizio D'Ancora,nm0195208,122,98,15,Comedy
145,730,10,Franco Coop,nm0177815,115,94,14,Drama
114,536,1,Chôko Iida,nm0407329,218,114,28,Drama
114,536,2,Tatsuo Saitô,nm0756870,213,90,30,Drama
114,536,3,Kinuyo Tanaka,nm0849011,200,100,29,Drama
114,536,4,Takeshi Sakamoto,nm0757104,162,78,22,Drama
114,536,5,Tomio Aoki,nm0031832,134,72,20,Drama
114,536,6,Mitsuko Yoshikawa,nm0948989,133,75,19,Drama
114,536,7,Tokuji Kobayashi,nm0462069,122,82,17,Drama
114,536,8,Misao Seki,nm0782837,118,87,18,Drama
114,536,9,Jun Arai,nm1263070,115,71,18,Drama
114,536,10,Kaichi Yamamoto,nm0945427,105,59,17,Drama
16,531,1,Lottie Lyell,nm0528022,111,82,20,Drama
16,531,2,Lawrence Chenault,nm0155479,80,62,13,Drama
16,531,3,Clarence Brooks,nm0111919,59,55,7,Drama
16,531,4,A.B. DeComathiere,nm0213946,54,51,6,Drama
16,531,5,Evelyn Preer,nm0695792,50,43,7,Drama
16,531,6,John Faulkner,nm0269083,42,40,5,Drama
16,531,7,Guy Hastings,nm0368581,39,34,5,Drama
16,531,8,John D'Arcy,nm0195444,36,36,4,Comedy
16,531,9,D.L. Dalziel,nm0198549,36,35,4,Drama
16,531,10,Alice B. Russell,nm0750975,36,35,4,Drama
162,304,1,António Pinheiro,nm0684208,77,59,12,Drama
162,304,2,Duarte Silva,nm0798282,60,48,11,Drama
162,304,3,Maria Emília Castelo Branco,nm0144879,47,41,6,Drama
162,304,4,Erico Braga,nm0103815,45,42,6,Drama
162,304,5,Emilia D'Oliveira,nm0195822,44,38,6,Drama
162,304,6,Raul de Carvalho,nm0207832,39,34,6,Drama
162,304,7,António Silva,nm0798219,37,35,5,Drama
162,304,8,Aida de Lupo,nm0209970,36,35,4,Drama
162,304,9,Maria de Oliveira,nm0210702,35,27,6,Drama
162,304,10,Francisco Sena,nm0784063,34,27,5,Drama
135,278,1,Adelqui Migliar,nm0585931,167,110,21,Drama
135,278,2,Annie Bos,nm0097670,167,80,20,Drama
135,278,3,Jan van Dommelen,nm0231657,130,62,16,Drama
135,278,4,Willem van der Veer,nm0212098,108,79,13,Drama
135,278,5,Coen Hissink,nm0386830,103,86,12,Drama
135,278,6,Paula de Waart,nm0212326,102,53,12,Drama
135,278,7,Frederik Vogeding,nm0900856,93,81,11,Drama
135,278,8,Lola Cornero,nm0180324,79,40,9,Crime
135,278,9,Piet Fuchs,nm0297274,71,62,8,Drama
135,278,10,Willem Hunsche,nm0402309,70,59,8,Drama
6,262,1,Walt Disney,nm0000370,217,48,89,Animation
6,262,2,Marcellite Garner,nm0307732,211,48,66,Animation
6,262,3,Pinto Colvig,nm0173416,196,57,55,Animation
6,262,4,Rudolf Ising,nm0411208,136,41,48,Animation
6,262,5,Mae Questel,nm0703362,132,33,86,Animation
6,262,6,nm3005613,nm3005613,131,31,54,Animation
6,262,7,nm8094614,nm8094614,128,57,24,Animation
6,262,8,Clarence Nash,nm0621699,125,42,28,Animation
6,262,9,Dorothy Compton,nm0174023,110,60,20,Animation
6,262,10,Purv Pullen,nm0700416,110,45,24,Animation
50,244,1,Kate Bruce,nm0115524,1884,326,221,Short
50,244,2,Henry B. Walthall,nm0910400,1700,825,210,Drama
50,244,3,Claire McDowell,nm0568282,1475,709,195,Drama
50,244,4,Mary Pickford,nm0681933,1399,443,201,Short
50,244,5,William J. Butler,nm0125164,1360,182,161,Short
50,244,6,George Nichols,nm0629589,1346,537,162,Drama
50,244,7,Robert Harron,nm0366008,1333,236,173,Short
50,244,8,Arthur V. Johnson,nm0424530,1320,107,163,Short
50,244,9,Owen Moore,nm0601698,1284,476,178,Short
50,244,10,Mack Sennett,nm0784407,1281,180,191,Short
179,162,1,Stanislaw Sielanski,nm0797129,77,61,9,Romance
179,162,2,Wanda Jarszewska,nm0419007,72,65,8,Drama
179,162,3,Aleksander Zabczynski,nm0951385,63,53,7,Romance
179,162,4,Ludwik Fritsche,nm0295998,53,50,6,Romance
179,162,5,Adolf Dymsza,nm0245931,51,44,6,Comedy
179,162,6,Wladyslaw Walter,nm0910154,51,41,6,Comedy
179,162,7,Kazimierz Junosza-Stepowski,nm0432747,45,41,5,Drama
179,162,8,Eugeniusz Bodo,nm0091042,45,41,5,Romance
179,162,9,Michal Znicz,nm0957484,45,37,5,Comedy
179,162,10,Tadeusz Fijewski,nm0276779,41,38,5,Romance
151,114,1,Harry Todd,nm0865178,1227,510,172,Western
151,114,2,Victor Potel,nm0693055,911,480,127,Short
151,114,3,Gilbert M. 'Broncho Billy' Anderson,nm0001908,874,121,195,Short
151,114,4,Fred Church,nm0161366,744,249,114,Short
151,114,5,Marguerite Clayton,nm0165744,456,241,78,Western
151,114,6,Brinsley Shaw,nm0789632,423,235,67,Western
151,114,7,Arthur Mackley,nm0533615,386,105,71,Short
151,114,8,Augustus Carney,nm0138771,313,90,48,Short
151,114,9,Lloyd Bacon,nm0045800,308,165,42,Short
151,114,10,John B. O'Brien,nm0639631,306,109,48,Short
163,61,1,Krishna Chandra Dey,nm0223347,25,24,3,Drama
163,61,2,Kidar Nath Sharma,nm0788880,18,17,2,Drama
163,61,3,Takak Bala,nm0850177,17,17,2,Drama
163,61,4,Prithviraj Kapoor,nm0004432,17,17,2,Drama
163,61,5,Pahadi Sanyal,nm0764406,17,16,2,Drama
163,61,6,Nawab,nm0623166,17,16,2,Drama
163,61,7,K.L. Saigal,nm0756485,17,16,2,Drama
163,61,8,H. Siddiqui,nm0796509,17,16,2,Drama
163,61,9,Uma Sashi,nm0880810,15,15,2,Drama
163,61,10,Manoranjan Bhattacharya,nm0080355,15,15,2,Drama
189,23,1,Georges Méliès,nm0617588,35,24,36,Short
189,23,2,Jehanne d'Alcy,nm0194945,23,15,9,Horror
189,23,3,Bleuette Bernon,nm0076933,18,15,3,Fantasy
189,23,4,Victor André,nm0029244,9,9,1,Adventure
189,23,5,Kelm,nm1216905,9,9,1,Adventure
189,23,6,Henri Delannoy,nm0216378,9,9,1,Adventure
189,23,7,François Lallement,nm2083046,9,9,1,Adventure
189,23,8,Farjaux,nm1216405,9,9,1,Adventure
189,23,9,Delpierre,nm0220092,9,9,1,Adventure
189,23,10,Brunnet,nm1215996,9,9,1,Adventure
103,19,1,Himanshu Rai,nm0706795,21,18,3,Drama
103,19,2,Seeta Devi,nm0222489,15,13,2,Drama
103,19,3,Modhu Bose,nm0097882,15,13,2,Drama
103,19,4,Charu Roy,nm0746958,12,11,2,Drama
103,19,5,Sunalini Devi,nm0222495,9,9,1,Biography
103,19,6,Sarada Ukil,nm0880329,9,9,1,Biography
103,19,7,Rani Bala,nm14351416,9,9,1,Biography
103,19,8,Prafulla Roy Ghosh,nm14349018,9,9,1,Biography
103,19,9,Mrinalini Devi,nm1366783,9,9,1,Biography
103,19,10,Gokul Das,nm14349130,9,9,1,Biography
150,17,1,Devika Rani,nm0710151,18,16,3,Crime
150,17,2,P.F. Pithawala,nm0685693,18,16,2,Crime
150,17,3,Kamta Prasad,nm0695263,18,16,2,Crime
150,17,4,nm4999275,nm4999275,9,9,1,Drama
150,17,5,Talpade,nm0848292,9,9,1,Crime
150,17,6,Pramila,nm0695193,9,9,1,Drama
150,17,7,Najmul Hussain,nm0403974,9,9,1,Crime
150,17,8,Mukherjee,nm0611504,9,9,1,Crime
150,17,9,Kusum Kumari,nm0474930,9,9,1,Drama
150,17,10,Kishori Lal,nm0482317,9,9,1,Drama
166,15,1,Ester Rachel Kaminska,nm0436704,14,14,2,Drama
166,15,2,nm2705332,nm2705332,9,9,1,Drama
166,15,3,nm2705099,nm2705099,9,9,1,Drama
166,15,4,nm2702245,nm2702245,9,9,1,Drama
166,15,5,nm2700766,nm2700766,9,9,1,Drama
166,15,6,Regina Kaminska,nm0436709,9,9,1,Drama
166,15,7,Juliusz Adler,nm1952898,9,9,1,Drama
166,15,8,Jakub Libert,nm1276393,9,9,1,Drama
166,15,9,Ida Kaminska,nm0436706,9,9,1,Drama
166,15,10,Gershon Weissman,nm0919294,9,9,1,Drama
15,15,1,Marian Constance Blackton,nm0085869,27,27,3,Drama
15,15,2,Pat Carlyle,nm0138286,18,18,2,Drama
15,15,3,Gloria Browne,nm0115004,18,18,2,Comedy
15,15,4,Dorothy Dehn,nm0214984,18,18,2,Drama
15,15,5,Thea Ramsey,nm0709083,9,9,1,Horror
15,15,6,Richard Erskine,nm0259867,9,9,1,Crime
15,15,7,Phyllis Diller,nm0226888,9,9,1,Horror
15,15,8,Marvelle Andre,nm0028163,9,9,1,Horror
15,15,9,Juanita Fletcher,nm0189081,9,9,1,Crime
15,15,10,Jenny Dark,nm0201288,9,9,1,Horror
39,14,1,Frank R. Benson,nm0072493,28,22,4,History
39,14,2,Murray Carrington,nm0140584,19,13,3,History
39,14,3,Eric Maxon,nm0561616,17,17,2,Drama
39,14,4,Nora Lancaster,nm0484169,10,5,2,Short
39,14,5,Guy Rathbone,nm0711688,10,5,2,Short
39,14,6,Eric Maxim,nm0561568,10,5,2,Short
39,14,7,Constance Benson,nm0072463,10,5,2,Short
39,14,8,Victor McClure,nm0566050,9,9,1,Biography
39,14,9,R.L. Conrick,nm0175236,9,9,1,Biography
39,14,10,Moffat Johnston,nm0426790,9,9,1,Biography
68,13,1,Dhirendranath Ganguly,nm0304358,14,12,3,Comedy
68,13,2,Shishubala,nm0839825,8,6,2,Comedy
68,13,3,Manmatha Pal,nm0657171,8,6,2,Comedy
68,13,4,Sabita Devi,nm0222484,6,6,1,Unknown
68,13,5,Radha Rani,nm0705561,6,6,1,Unknown
68,13,6,Mihirial,nm14938844,6,6,1,Unknown
68,13,7,Kalidas,nm0435753,6,6,1,Unknown
68,13,8,Hem Gupta,nm1346315,6,6,1,Unknown
68,13,9,A.K. Roy,nm0746920,6,6,1,Unknown
68,13,10,Nripen Bose,nm1548270,5,5,1,Comedy
53,12,1,L. Frank Baum,nm0000875,19,19,3,Adventure
53,12,2,nm2924919,nm2924919,9,9,1,Adventure
53,12,3,nm2924736,nm2924736,9,9,1,Adventure
53,12,4,nm2924347,nm2924347,9,9,1,Adventure
53,12,5,nm2923902,nm2923902,9,9,1,Adventure
53,12,6,nm2922906,nm2922906,9,9,1,Adventure
53,12,7,Will Morrison,nm0607349,9,9,1,Adventure
53,12,8,Joseph Schrode,nm0775422,9,9,1,Adventure
53,12,9,George E. Wilson,nm0933446,9,9,1,Adventure
53,12,10,Frank Burns,nm0122665,9,9,1,Adventure
197,12,1,Suzy Fresnay,nm1333935,11,11,2,Unknown
197,12,2,nm2410325,nm2410325,9,9,1,Unknown
197,12,3,nm2409822,nm2409822,9,9,1,Unknown
197,12,4,Robert Volta,nm1336769,9,9,1,Unknown
197,12,5,Platanof,nm1335343,9,9,1,Unknown
197,12,6,Jacques Sarrus,nm1335627,9,9,1,Unknown
197,12,7,Henriette Blois,nm1336820,9,9,1,Unknown
197,12,8,Harry Perez,nm1335293,9,9,1,Unknown
197,12,9,Claire Bretty,nm1336828,9,9,1,Unknown
197,12,10,Aleko,nm1332993,9,9,1,Unknown
213,11,1,nm3897045,nm3897045,11,10,2,Drama
213,11,2,Arnaldo Coimbra,nm0170008,11,10,2,Drama
213,11,3,nm3898150,nm3898150,8,8,1,Drama
213,11,4,nm3898135,nm3898135,8,8,1,Drama
213,11,5,nm3897407,nm3897407,8,8,1,Drama
213,11,6,nm3897246,nm3897246,8,8,1,Drama
213,11,7,nm3896699,nm3896699,8,8,1,Drama
213,11,8,nm3896310,nm3896310,8,8,1,Drama
213,11,9,nm3896262,nm3896262,8,8,1,Drama
213,11,10,nm3897447,nm3897447,3,3,1,Drama
173,11,1,Teresita Arce,nm0033557,10,10,2,Drama
173,11,2,Narciso Rada,nm0705298,6,6,1,Drama
173,11,3,Manuel Morello,nm0603777,6,6,1,Drama
173,11,4,Luis Vergiú,nm0894088,6,6,1,Drama
173,11,5,Gloria Cisneros,nm0162833,6,6,1,Drama
173,11,6,Enrique Guido Spano,nm0346763,6,6,1,Drama
173,11,7,Alfredo Terry,nm0855934,6,6,1,Drama
173,11,8,Rafael Villanueva,nm1218242,4,4,1,Unknown
173,11,9,Enrique Munillo,nm1217368,4,4,1,Unknown
173,11,10,Enrique Cornejo Villanueva,nm0180135,4,4,1,Unknown
109,10,1,Jacques Tati,nm0004244,10,9,3,Short
109,10,2,Rhum,nm0722604,10,9,2,Comedy
109,10,3,nm7111024,nm7111024,9,9,1,Comedy
109,10,4,nm6425638,nm6425638,9,9,1,Comedy
109,10,5,nm6425636,nm6425636,9,9,1,Comedy
109,10,6,nm6425635,nm6425635,9,9,1,Comedy
109,10,7,Raymond Turgy,nm0877081,9,9,1,Comedy
109,10,8,Kola Kwariani,nm0477132,9,9,1,Comedy
109,10,9,Hélène Pépée,nm0701811,9,9,1,Comedy
109,10,10,Hennery,nm0377233,9,9,1,Comedy
121,10,1,Vambola Kurg,nm0475674,10,9,2,Drama
121,10,2,Arnold Vaino,nm0883284,10,9,2,Drama
121,10,3,Ruut Tarmo,nm0850530,9,9,1,Drama
121,10,4,Rudolf Ratassepp,nm0711586,9,9,1,Drama
121,10,5,Olev Reintalu,nm0718277,9,9,1,Drama
121,10,6,Juhan Sütiste,nm1798254,9,9,1,Drama
121,10,7,Juhan Nõmmik,nm0639132,9,9,1,Drama
121,10,8,Elly Põder-Roht,nm0702503,9,9,1,Drama
121,10,9,Amalie Konsa,nm0465335,9,9,1,Drama
121,10,10,Aksella Luts,nm0527488,9,9,1,Drama
2,10,1,nm2985096,nm2985096,9,9,1,Drama
2,10,2,Zaki Rostom,nm0744601,9,9,1,Drama
2,10,3,Munira Ahmad,nm10799702,9,9,1,Drama
2,10,4,Loutfi El Hakim,nm0252666,9,9,1,Drama
2,10,5,Ibrahim Al Jazzar,nm10799704,9,9,1,Drama
2,10,6,Hassan Ahmad,nm10799709,9,9,1,Drama
2,10,7,Dolly Antoine,nm10799707,9,9,1,Drama
2,10,8,Dawlat Abiad,nm0008724,9,9,1,Drama
2,10,9,Bahija Hafez,nm0353103,9,9,1,Drama
2,10,10,Abdulwareth Asar,nm0912276,9,9,1,Drama
157,10,1,Ángel Pulido,nm0700353,9,9,1,Documentary
157,10,2,Señor Saavedra,nm0754444,9,9,1,Documentary
157,10,3,Señor Agramonte,nm0013265,9,9,1,Documentary
157,10,4,Saul Mezán,nm0583860,9,9,1,Documentary
157,10,5,Samuel Ros,nm0740768,9,9,1,Documentary
157,10,6,Ramón Menéndez Pidal,nm0580023,9,9,1,Documentary
157,10,7,Manuel L. Ortega,nm0650914,9,9,1,Documentary
157,10,8,Luzuriaga,nm0527803,9,9,1,Documentary
157,10,9,Kalmi Baruch,nm0059422,9,9,1,Documentary
157,10,10,Fernando de los Ríos,nm0753817,9,9,1,Documentary
10,10,1,Ángeles Rubio,nm0748388,9,9,1,Unknown
10,10,2,Señorita Gómez Acebo,nm0350857,9,9,1,Unknown
10,10,3,Rosita Rubio,nm0748379,9,9,1,Unknown
10,10,4,Nicolás Rubio,nm1254771,9,9,1,Unknown
10,10,5,Lola Alessandri,nm0018127,9,9,1,Unknown
10,10,6,Juan Sanz Prieto,nm1253117,9,9,1,Unknown
10,10,7,Javier Gómez Acebo,nm0350856,9,9,1,Unknown
10,10,8,Isabel Benjumea,nm0071385,9,9,1,Unknown
10,10,9,Elisa Magro,nm0536517,9,9,1,Unknown
10,10,10,Cristina Rueda,nm0749106,9,9,1,Unknown
12,10,1,nm7622644,nm7622644,9,9,1,Adventure
12,10,2,Vera Campbell,nm0132911,9,9,1,Adventure
12,10,3,Terry Short,nm18149142,9,9,1,Adventure
12,10,4,Stanley Murdoch,nm0613772,9,9,1,Adventure
12,10,5,Richard Alrich,nm18149141,9,9,1,Adventure
12,10,6,Petrie Potter,nm0693297,9,9,1,Adventure
12,10,7,John R. Allan,nm0019962,9,9,1,Adventure
12,10,8,John Haddock,nm0352715,9,9,1,Adventure
12,10,9,Elza Stenning,nm0826639,9,9,1,Adventure
12,10,10,Edna Crofts,nm12342916,9,9,1,Adventure
129,10,1,Johnny Kane,nm0437354,18,18,2,Comedy
129,10,2,Ellalee Ruby,nm0748435,18,18,2,Comedy
129,10,3,Daisy Dean,nm0212737,14,14,2,Drama
129,10,4,nm7342186,nm7342186,9,9,1,Comedy
129,10,5,Tommy Christian,nm0160098,9,9,1,Comedy
129,10,6,Ted Kieth,nm0452664,9,9,1,Comedy
129,10,7,Mona Soltis,nm0813621,9,9,1,Comedy
129,10,8,Lucy Ames,nm0024729,9,9,1,Comedy
129,10,9,Diana Mullen,nm0611998,9,9,1,Comedy
129,10,10,Art Barnett,nm0055849,9,9,1,Comedy
17,10,1,Mihály Andrássy gróf,nm0029166,9,9,1,Unknown
17,10,2,Katinka Andrássy,nm0029167,9,9,1,Unknown
17,10,3,István Dessewffy gróf,nm0221765,9,9,1,Unknown
17,10,4,István Csáky gróf,nm0190791,9,9,1,Unknown
17,10,5,Imre Széchenyi gróf,nm0844447,9,9,1,Unknown
17,10,6,Ila Semsey grófnõ,nm0783946,9,9,1,Unknown
17,10,7,Hella Hadik grófnö,nm0352823,9,9,1,Unknown
17,10,8,Gyula Batthyány,nm0061392,9,9,1,Unknown
17,10,9,Gróf Ádám Vay,nm0891383,9,9,1,Unknown
17,10,10,Ferenc Eszterházy gróf,nm0261981,9,9,1,Unknown
18,10,1,Piet Van Ravenstein,nm0887776,9,9,1,Biography
18,10,2,Pedro Sienna,nm0797205,9,9,1,Biography
18,10,3,Octavio Soto,nm0815577,9,9,1,Biography
18,10,4,María de Hannig,nm0208822,9,9,1,Biography
18,10,5,Luis Baeza,nm0046462,9,9,1,Biography
18,10,6,Hugo Silva,nm0798334,9,9,1,Biography
18,10,7,Guillermo Barrientos,nm0057415,9,9,1,Biography
18,10,8,Federico Geimza,nm0311987,9,9,1,Biography
18,10,9,Dolores Anziani,nm0031754,9,9,1,Biography
18,10,10,Clara Werther,nm0921619,9,9,1,Biography
52,10,1,nm3410001,nm3410001,9,9,1,Drama
52,10,2,Varde,nm0889533,9,9,1,Drama
52,10,3,Umakant Desai,nm0220845,9,9,1,Drama
52,10,4,Sureshbabu Mane,nm0541931,9,9,1,Drama
52,10,5,Shanta Apte,nm0032550,9,9,1,Drama
52,10,6,Shankar Kulkarni,nm0474623,9,9,1,Drama
52,10,7,Nalini Tarkhad,nm0850462,9,9,1,Drama
52,10,8,Kelkar,nm0445472,9,9,1,Drama
52,10,9,Chandra Mohan,nm0151527,9,9,1,Drama
52,10,10,Budasaheb,nm0118884,9,9,1,Drama
23,10,1,Víctor Barguilla,nm0054581,9,9,1,Drama
23,10,2,Vicente Cerezo,nm0148564,9,9,1,Drama
23,10,3,Martina Basterretxe,nm0060422,9,9,1,Drama
23,10,4,Margarita Arregui,nm0037208,9,9,1,Drama
23,10,5,Lucía Basterrechea,nm0060421,9,9,1,Drama
23,10,6,Juan Bilbao,nm0082130,9,9,1,Drama
23,10,7,José María Cerezo,nm0148559,9,9,1,Drama
23,10,8,José Frías,nm0297019,9,9,1,Drama
23,10,9,Faustino Bilbao,nm0082126,9,9,1,Drama
23,10,10,Elvira Castro,nm0145529,9,9,1,Drama
24,10,1,Pedro Fantol,nm0266938,9,9,1,Adventure
24,10,2,Pascoal Ciodaro,nm0162536,9,9,1,Adventure
24,10,3,Máximo Serrano,nm0785593,9,9,1,Adventure
24,10,4,Lola Lys,nm0529226,9,9,1,Adventure
24,10,5,João Pacheco,nm1230815,9,9,1,Adventure
24,10,6,Humberto Mauro,nm0561230,9,9,1,Adventure
24,10,7,Bruno Mauro,nm0561214,9,9,1,Adventure
24,10,8,Ben Nil,nm0632005,9,9,1,Adventure
24,10,9,Antonio de Almeida,nm0206920,9,9,1,Adventure
24,10,10,Alzir Arruda,nm0037463,9,9,1,Adventure
25,10,1,Sami Ayanoglu,nm0043665,18,18,2,Drama
25,10,2,Turhan Göker,nm0351364,9,9,1,Drama
25,10,3,Talat Artemel,nm0037666,9,9,1,Drama
25,10,4,Settar Körmükçü,nm0477979,9,9,1,Drama
25,10,5,Nafia Arcan,nm1080641,9,9,1,Drama
25,10,6,Müfit Kiper,nm0455997,9,9,1,Drama
25,10,7,Ismail Galip Arcan,nm1010608,9,9,1,Drama
25,10,8,Hulusi Kentmen,nm0448906,9,9,1,Drama
25,10,9,Hazim Körmükçü,nm1025610,9,9,1,Drama
25,10,10,Behzat Haki Butak,nm0124642,9,9,1,Drama
26,10,1,Thomas Wheeler,nm0923972,9,9,1,Drama
26,10,2,Thomas M. Mosley,nm0608855,9,9,1,Drama
26,10,3,Mrs. E. Snead,nm0810925,9,9,1,Drama
26,10,4,Minnie Smith,nm0809399,9,9,1,Drama
26,10,5,Marshall Davies,nm0203846,9,9,1,Drama
26,10,6,Ida Askins,nm0039475,9,9,1,Drama
26,10,7,Fred Leighton,nm0500347,9,9,1,Drama
26,10,8,Florence Snead,nm0810921,9,9,1,Drama
26,10,9,F. King,nm0454711,9,9,1,Drama
26,10,10,Edgar Snead,nm0810919,9,9,1,Drama
27,10,1,Vishnu Hari Aundhkar,nm0042110,9,9,1,History
27,10,2,P.G. Sane,nm0762507,9,9,1,History
27,10,3,Nath T. Telang,nm0854282,9,9,1,History
27,10,4,Ganpat G. Shinde,nm0793843,9,9,1,History
27,10,5,Gajanan V. Sane,nm0762500,9,9,1,History
27,10,6,Dattatreya Telang,nm0854281,9,9,1,History
27,10,7,Dattatreya Kshirsagar,nm0473291,9,9,1,History
27,10,8,D.D. Dabke,nm0196409,9,9,1,History
27,10,9,Bhalachandra D. Phalke,nm0679609,9,9,1,History
27,10,10,Anna Salunke,nm0759190,9,9,1,History
143,10,1,Ángel Barceló,nm0053968,9,9,1,Comedy
143,10,2,Vicente Rodríguez,nm0736139,9,9,1,Comedy
143,10,3,Teresa Martínez,nm0555334,9,9,1,Comedy
143,10,4,Teresa García,nm0306516,9,9,1,Comedy
143,10,5,Pura Aznar,nm0044355,9,9,1,Comedy
143,10,6,José Santapola,nm0763397,9,9,1,Comedy
143,10,7,Enrique Buendía,nm0119202,9,9,1,Comedy
143,10,8,Eduardo Olleta,nm0647323,9,9,1,Comedy
143,10,9,Dorita Martínez,nm0555060,9,9,1,Comedy
143,10,10,Antonio Orellana,nm0649650,9,9,1,Comedy
32,10,1,Sérgio Barreto Filho,nm0056982,9,9,1,Drama
32,10,2,Lu Marival,nm0548152,9,9,1,Drama
32,10,3,João Baldi,nm0049736,9,9,1,Drama
32,10,4,Ivan Villar,nm0897975,9,9,1,Drama
32,10,5,Décio Murilo,nm0613956,9,9,1,Drama
32,10,6,Durval Bellini,nm0069036,9,9,1,Drama
32,10,7,Dea Selva,nm0783564,9,9,1,Drama
32,10,8,Carlos Eugênio,nm0262343,9,9,1,Drama
32,10,9,Andréa Duarte,nm0239061,9,9,1,Drama
32,10,10,Alfredo Nunes,nm0637940,9,9,1,Drama
35,10,1,Sohrab Modi,nm0595271,9,9,1,Drama
35,10,2,Shamshadbai,nm0787909,9,9,1,Drama
35,10,3,Shamshad,nm0787907,9,9,1,Drama
35,10,4,Rampiyari,nm0708827,9,9,1,Drama
35,10,5,Obali Mai,nm0537300,9,9,1,Drama
35,10,6,Naseem Banu,nm0052568,9,9,1,Drama
35,10,7,Gulam Hussen,nm0404004,9,9,1,Drama
35,10,8,Ghulam Mohiyuddin,nm0596004,9,9,1,Drama
35,10,9,Gauhar,nm0310050,9,9,1,Drama
35,10,10,Fazal Karim,nm0439289,9,9,1,Drama
38,10,1,nm5473413,nm5473413,9,9,1,Action
38,10,2,nm5473388,nm5473388,9,9,1,Action
38,10,3,nm5473374,nm5473374,9,9,1,Action
38,10,4,nm2299636,nm2299636,9,9,1,Action
38,10,5,nm2291131,nm2291131,9,9,1,Action
38,10,6,nm2290194,nm2290194,9,9,1,Action
38,10,7,nm2289501,nm2289501,9,9,1,Action
38,10,8,nm2286864,nm2286864,9,9,1,Action
38,10,9,nm2286781,nm2286781,9,9,1,Action
38,10,10,Percy Barbat,nm0053273,9,9,1,Action
40,10,1,Wilgot Ohlsson,nm0645095,9,9,1,Short
40,10,2,Oscar Söderholm,nm0845505,9,9,1,Short
40,10,3,Käthie Jacobsson,nm0414951,9,9,1,Short
40,10,4,Idoff Bergqvist,nm0074998,9,9,1,Short
40,10,5,Gotthard Jacobsson,nm0414944,9,9,1,Short
40,10,6,Georg Dalunde,nm0198381,9,9,1,Short
40,10,7,Frida Greiff,nm0340045,9,9,1,Short
40,10,8,Ellen Ströbäck,nm0835487,9,9,1,Short
40,10,9,Carl Engdahl,nm0257022,9,9,1,Short
40,10,10,Axel de la Motte,nm0478753,9,9,1,Short
41,10,1,Roy Jones,nm0429186,9,9,1,Drama
41,10,2,Little Bull,nm0514498,9,9,1,Drama
41,10,3,Lee Caldwell,nm0163108,9,9,1,Drama
41,10,4,Hugh Chambers,nm0150343,9,9,1,Drama
41,10,5,Frank Irwin,nm0410383,9,9,1,Drama
41,10,6,Don Williams,nm0930467,9,9,1,Drama
41,10,7,Dell Blanchette,nm0087168,9,9,1,Drama
41,10,8,Chief Red Wing,nm0714593,9,9,1,Drama
41,10,9,Charles Irwin,nm0410362,9,9,1,Drama
41,10,10,C.M. Giffen,nm0317490,9,9,1,Drama
43,10,1,The Meglin Kiddies,nm1334939,18,18,2,Drama
43,10,2,Zoë Boyer,nm0102102,9,9,1,Unknown
43,10,3,Sissie Flynn,nm1141354,9,9,1,Unknown
43,10,4,Matt Flynn,nm1140347,9,9,1,Unknown
43,10,5,Maryeruth Boone,nm0095519,9,9,1,Unknown
43,10,6,Louise Ringland,nm1142540,9,9,1,Unknown
43,10,7,Glenna Vaughn,nm1142972,9,9,1,Unknown
43,10,8,Fred Osbourn,nm1143516,9,9,1,Unknown
43,10,9,Donald Henderson,nm0376410,9,9,1,Unknown
43,10,10,Caryl Roberts,nm1143825,9,9,1,Unknown
61,10,1,nm3003322,nm3003322,9,9,1,Action
61,10,2,nm3002754,nm3002754,9,9,1,Action
61,10,3,nm3002376,nm3002376,9,9,1,Action
61,10,4,nm3001683,nm3001683,9,9,1,Action
61,10,5,Sam Crewes,nm0187697,9,9,1,Action
61,10,6,Nicholas Brierley,nm1431224,9,9,1,Action
61,10,7,John Tait,nm0846894,9,9,1,Action
61,10,8,Godfrey Cass,nm0143899,9,9,1,Action
61,10,9,Elizabeth Tait,nm0846887,9,9,1,Action
61,10,10,Bella Cola,nm0170118,9,9,1,Action
63,10,1,Óscar Castañeda,nm0144514,9,9,1,Drama
63,10,2,Salvador Sánchez,nm0761055,9,9,1,Drama
63,10,3,Rene Pereyra,nm0673414,9,9,1,Drama
63,10,4,Regina Orozco,nm0650495,9,9,1,Drama
63,10,5,Rafael Sánchez Navarro,nm0844752,9,9,1,Drama
63,10,6,Miguel Córcega,nm0194720,9,9,1,Drama
63,10,7,Daniel Cubillo,nm0190923,9,9,1,Drama
63,10,8,Cecilia Toussaint,nm0869732,9,9,1,Drama
63,10,9,Boris Peguero,nm0670427,9,9,1,Drama
63,10,10,Abel Woolrich,nm0941279,9,9,1,Drama
64,10,1,nm3318627,nm3318627,9,9,1,Adventure
64,10,2,nm3318221,nm3318221,9,9,1,Adventure
64,10,3,nm3317770,nm3317770,9,9,1,Adventure
64,10,4,nm3317513,nm3317513,9,9,1,Adventure
64,10,5,nm3317433,nm3317433,9,9,1,Adventure
64,10,6,nm3317411,nm3317411,9,9,1,Adventure
64,10,7,nm3295856,nm3295856,9,9,1,Adventure
64,10,8,nm3295734,nm3295734,9,9,1,Adventure
64,10,9,nm3295728,nm3295728,9,9,1,Adventure
64,10,10,Afonso R. Castelao,nm0144608,9,9,1,Adventure
65,10,1,Francisco González González,nm0327935,9,9,2,Drama
65,10,2,Pepe Castellano,nm0144706,9,9,1,Drama
65,10,3,Néstor de la Torre,nm0868397,9,9,1,Drama
65,10,4,María Teresa Fanjul,nm0266795,9,9,1,Drama
65,10,5,María Paz Sáenz de Tejera,nm0844547,9,9,1,Drama
65,10,6,María Luisa Padrón,nm0655872,9,9,1,Drama
65,10,7,Lolita Tejera,nm0854223,9,9,1,Drama
65,10,8,José Rodríguez Iglesias,nm1261428,9,9,1,Drama
65,10,9,Francisco Quintero,nm0704219,9,9,1,Drama
65,10,10,Antonio Pulido Rodríguez,nm0700331,9,9,1,Drama
204,10,1,Jack Clifford,nm0166633,17,17,2,Drama
204,10,2,Walter Griswoll,nm2014119,9,9,1,Drama
204,10,3,W.R. Floyd,nm1670010,9,9,1,Drama
204,10,4,N.B. Clarke,nm1669846,9,9,1,Drama
204,10,5,Kitty O'Neil,nm2004235,9,9,1,Drama
204,10,6,J. McDovall,nm1670421,9,9,1,Drama
204,10,7,H.L. Bascomb,nm1669708,9,9,1,Drama
204,10,8,E.M. Leslie,nm1675211,9,9,1,Drama
204,10,9,D.R. Allen,nm1669657,9,9,1,Drama
204,10,10,C.F. Seabert,nm1670731,9,9,1,Drama
75,10,1,Tommy O'Rourke,nm0642584,9,9,1,Drama
75,10,2,Stephen Dirrane,nm0228246,9,9,1,Drama
75,10,3,Patcheen Faherty,nm0265168,9,9,1,Drama
75,10,4,Patch 'Red Beard' Ruadh,nm0747710,9,9,1,Drama
75,10,5,Pat Mullin,nm0612359,9,9,1,Drama
75,10,6,Pat McDonough,nm0568182,9,9,1,Drama
75,10,7,Michael Dillane,nm0226818,9,9,1,Drama
75,10,8,Maggie Dirrane,nm0228245,9,9,1,Drama
75,10,9,Colman 'Tiger' King,nm0454603,9,9,1,Drama
75,10,10,'Big Patcheen' Conneely of the West,nm0174943,9,9,1,Drama
80,10,1,nm2388046,nm2388046,9,9,1,History
80,10,2,nm2386559,nm2386559,9,9,1,History
80,10,3,nm2386325,nm2386325,9,9,1,History
80,10,4,nm2385221,nm2385221,9,9,1,History
80,10,5,nm2383402,nm2383402,9,9,1,History
80,10,6,nm2382816,nm2382816,9,9,1,History
80,10,7,Pepi Machauer,nm1995281,9,9,1,History
80,10,8,Elvire Popesco,nm0691214,9,9,1,History
80,10,9,Constantin Nottara,nm0636620,9,9,1,History
80,10,10,Aristide Demetriade,nm0218404,9,9,1,History
106,10,1,nm3304573,nm3304573,9,9,1,Drama
106,10,2,nm2536032,nm2536032,9,9,1,Drama
106,10,3,Ying Tan,nm0848923,9,9,1,Drama
106,10,4,Tianxiu Tang,nm2058633,9,9,1,Drama
106,10,5,Tang Qian,nm14013244,9,9,1,Drama
106,10,6,Li-li Li,nm0508459,9,9,1,Drama
106,10,7,Langen Han,nm0359174,9,9,1,Drama
106,10,8,Junli Zheng,nm0955622,9,9,1,Drama
106,10,9,Jiqun Liu,nm0514954,9,9,1,Drama
106,10,10,Congmei Yuan,nm1361239,9,9,1,Drama
107,10,1,nm2976208,nm2976208,9,9,1,Unknown
107,10,2,nm2976016,nm2976016,9,9,1,Unknown
107,10,3,nm2975969,nm2975969,9,9,1,Unknown
107,10,4,nm2975954,nm2975954,9,9,1,Unknown
107,10,5,nm2974619,nm2974619,9,9,1,Unknown
107,10,6,nm2973840,nm2973840,9,9,1,Unknown
107,10,7,nm2971152,nm2971152,9,9,1,Unknown
107,10,8,Zen'ichirô Kitô,nm1649807,9,9,1,Unknown
107,10,9,Utako Haruno,nm1966765,9,9,1,Unknown
107,10,10,Seishirô Hara,nm0361696,9,9,1,Unknown
124,10,1,Yaoting Zhu,nm2054187,9,9,1,Drama
124,10,2,Minwei Li,nm0508483,9,9,1,Drama
124,10,3,Longxi Wang,nm13149597,9,9,1,Drama
124,10,4,Longji Wang,nm13149556,9,9,1,Drama
124,10,5,Lin Chuchu,nm2054138,9,9,1,Drama
124,10,6,He Minzhuang,nm13149557,9,9,1,Drama
124,10,7,Dandan Li,nm0498469,9,9,1,Drama
124,10,8,Cijiang Ge,nm2055401,9,9,1,Drama
124,10,9,Cho-cho Lam,nm0482583,9,9,1,Drama
124,10,10,Chichang Lin,nm13149554,9,9,1,Drama
164,10,1,William Binkley Jr.,nm15360745,9,9,1,Drama
164,10,2,W.B. Shearon,nm15357461,9,9,1,Drama
164,10,3,Russell A. Rose,nm15357376,9,9,1,Drama
164,10,4,Mamie Lee Nichol,nm15357460,9,9,1,Drama
164,10,5,Lucille Sudekum,nm15360711,9,9,1,Drama
164,10,6,Lillian Nicholson Shearon,nm0790489,9,9,1,Drama
164,10,7,Jennie Mai McQuiddy,nm15357377,9,9,1,Drama
164,10,8,J.W. Sparks Jr.,nm15357467,9,9,1,Drama
164,10,9,Clarence Sudekum,nm15360744,9,9,1,Drama
164,10,10,Annie Laurie Campbell,nm15357379,9,9,1,Drama
214,10,1,nm6500441,nm6500441,9,9,1,Drama
214,10,2,nm6500440,nm6500440,9,9,1,Drama
214,10,3,nm6500439,nm6500439,9,9,1,Drama
214,10,4,nm6500438,nm6500438,9,9,1,Drama
214,10,5,nm6500437,nm6500437,9,9,1,Drama
214,10,6,nm6500436,nm6500436,9,9,1,Drama
214,10,7,nm6500435,nm6500435,9,9,1,Drama
214,10,8,nm6500434,nm6500434,9,9,1,Drama
214,10,9,nm6500433,nm6500433,9,9,1,Drama
214,10,10,nm6500432,nm6500432,9,9,1,Drama
190,10,1,Maury Holland,nm0390776,9,9,2,Short
190,10,2,Guy Voyer,nm1239147,7,6,2,Comedy
190,10,3,Earle S. Dewey,nm0223124,7,6,2,Comedy
190,10,4,nm6888827,nm6888827,6,6,1,Short
190,10,5,nm6888826,nm6888826,6,6,1,Short
190,10,6,nm6888825,nm6888825,6,6,1,Short
190,10,7,Nell Roy,nm0747126,6,6,1,Short
190,10,8,Ethel Dallon,nm17153505,6,6,1,Short
190,10,9,Howard Carey,nm1208827,4,4,1,Comedy
190,10,10,Norma Pallat,nm1540681,3,3,1,Comedy
22,9,1,Paulo de Oliveira Gonçalves,nm0328610,8,8,1,Comedy
22,9,2,Pablo Palitos,nm0657711,8,8,1,Comedy
22,9,3,Moraes Cardoso,nm0136679,8,8,1,Comedy
22,9,4,Jararaca,nm0418576,8,8,1,Comedy
22,9,5,Henrique Chaves,nm0154504,8,8,1,Comedy
22,9,6,Gina Cavalieri,nm0146793,8,8,1,Comedy
22,9,7,Elsa Moreno,nm0603937,8,8,1,Comedy
22,9,8,Eduardo Arouca,nm0037046,8,8,1,Comedy
22,9,9,Castelar,nm1216074,8,8,1,Comedy
33,9,1,Short Bull,nm0119998,8,8,1,Biography
33,9,2,Nelson Appleton Miles,nm0587205,8,8,1,Biography
33,9,3,Marion P. Maus,nm0561309,8,8,1,Biography
33,9,4,Jesse M. Lee,nm0497523,8,8,1,Biography
33,9,5,H.G. Sickles,nm0796427,8,8,1,Biography
33,9,6,Frank D. Baldwin,nm0049905,8,8,1,Biography
33,9,7,Dewey Beard,nm0063893,8,8,1,Biography
33,9,8,Charles King,nm0454562,8,8,1,Biography
33,9,9,Black Elk,nm1338461,8,8,1,Biography
56,9,1,Señora Lugán,nm0525286,8,8,1,Unknown
56,9,2,Señor Luján,nm0525467,8,8,1,Unknown
56,9,3,Juan Sánchez,nm0845011,8,8,1,Unknown
56,9,4,Juan Carboneras,nm0136204,8,8,1,Unknown
56,9,5,José María Gautier,nm0310354,8,8,1,Unknown
56,9,6,José Carboneros,nm0136205,8,8,1,Unknown
56,9,7,Hipólito Negre,nm0624409,8,8,1,Unknown
56,9,8,Elvira Cortés,nm0181527,8,8,1,Unknown
56,9,9,Camilo,nm0131824,8,8,1,Unknown
76,9,1,nm5951738,nm5951738,8,8,1,Drama
76,9,2,nm5932821,nm5932821,8,8,1,Drama
76,9,3,nm5932820,nm5932820,8,8,1,Drama
76,9,4,Valeriano Cortés,nm0181586,8,8,1,Drama
76,9,5,Rosita Ponsa,nm0690536,8,8,1,Drama
76,9,6,Mercedes Domenech,nm0231373,8,8,1,Drama
76,9,7,Julio Paya,nm0668162,8,8,1,Drama
76,9,8,Antonio Granell,nm0334962,8,8,1,Drama
76,9,9,Antonio B. de Vila,nm0897304,8,8,1,Drama
95,9,1,Romualdo García de Paredes,nm0305627,8,8,1,Crime
95,9,2,Rodolfo Rinaldi,nm0727398,8,8,1,Crime
95,9,3,Pedro Rodríguez Bello,nm0735608,8,8,1,Crime
95,9,4,José Miguel Mandillo,nm0541816,8,8,1,Crime
95,9,5,J.M. Mandilla,nm0541815,8,8,1,Crime
95,9,6,Gueton Rodríguez Melo,nm0735653,8,8,1,Crime
95,9,7,Carlos Reyes,nm1255990,8,8,1,Crime
95,9,8,Antonio Varela,nm0889593,8,8,1,Crime
95,9,9,Angelina Navarro,nm0622821,8,8,1,Crime
174,9,1,nm4481492,nm4481492,8,8,1,Drama
174,9,2,nm4481491,nm4481491,8,8,1,Drama
174,9,3,nm4481482,nm4481482,8,8,1,Drama
174,9,4,nm4481469,nm4481469,8,8,1,Drama
174,9,5,nm4481459,nm4481459,8,8,1,Drama
174,9,6,nm4481457,nm4481457,8,8,1,Drama
174,9,7,nm3095359,nm3095359,8,8,1,Drama
174,9,8,Rube Foster,nm1268447,8,8,1,Drama
174,9,9,Blanche Thompson,nm0859902,8,8,1,Drama
208,8,1,nm2329855,nm2329855,8,7,2,Short
208,8,2,Walter Haggar,nm0353575,8,7,2,Short
208,8,3,nm4749111,nm4749111,7,7,1,Biography
208,8,4,nm2485827,nm2485827,7,7,1,Biography
208,8,5,nm2332493,nm2332493,7,7,1,Biography
208,8,6,nm2331275,nm2331275,7,7,1,Biography
208,8,7,nm2329944,nm2329944,7,7,1,Biography
208,8,8,nm2326707,nm2326707,7,7,1,Biography
11,8,1,Vincent Valentini,nm0884342,9,9,1,Drama
11,8,2,Paul Owen,nm0654230,9,9,1,Drama
11,8,3,June Leslie,nm0504130,9,9,1,Drama
11,8,4,Jacques A. Koerpel,nm0462949,9,9,1,Drama
11,8,5,Harry K. Eustace,nm0262396,9,9,1,Drama
11,8,6,Gertrude Clemens,nm0166024,9,9,1,Drama
11,8,7,Frank Jaquet,nm0418490,9,9,1,Drama
11,8,8,A.L. Alexander,nm0018231,9,9,1,Drama
28,8,1,nm6070620,nm6070620,7,7,1,Drama
28,8,2,Romald Bulfinschi,nm0119881,7,7,1,Drama
28,8,3,Maria Ciucurescu,nm1650056,7,7,1,Drama
28,8,4,Iosef Kamen,nm11531396,7,7,1,Drama
28,8,5,Ion Constantiniu,nm11531397,7,7,1,Drama
28,8,6,George Aurelian,nm0042167,7,7,1,Drama
28,8,7,Dorina Demetrescu,nm11531399,7,7,1,Drama
28,8,8,Alexandru Finti,nm11531398,7,7,1,Drama
48,8,1,William Dills,nm0227089,26,24,4,Drama
48,8,2,Howard Webster,nm0916907,15,15,2,Drama
48,8,3,Gladys Johnston,nm0426647,15,15,2,Drama
48,8,4,Albert Van Antwerp,nm0885597,12,12,2,Drama
48,8,5,H. Mills,nm0590017,8,8,1,Adventure
48,8,6,Guerney Hays,nm0371612,8,8,1,Adventure
48,8,7,Baby Margie,nm0045129,8,8,1,Adventure
48,8,8,Alexis B. Luce,nm0524397,8,8,1,Adventure
36,8,1,Timoteo Hernández,nm1257383,7,7,1,Horror
36,8,2,Prudencio Martínez,nm1224383,7,7,1,Horror
36,8,3,Pilar Díaz,nm0246712,7,7,1,Horror
36,8,4,Miguel Ballesteros Pérez,nm0701837,7,7,1,Horror
36,8,5,José María Tormo,nm0868117,7,7,1,Horror
36,8,6,J. Borja Hernández,nm1256596,7,7,1,Horror
36,8,7,David Sánchez,nm1480205,7,7,1,Horror
36,8,8,Amparito Baquero,nm0052690,7,7,1,Horror
148,8,1,Tatiana Rey,nm0721169,7,7,1,Drama
148,8,2,Raul Schnoor,nm0774231,7,7,1,Drama
148,8,3,Olga Breno,nm0107539,7,7,1,Drama
148,8,4,Mario Peixoto,nm0670643,7,7,1,Drama
148,8,5,Iolanda Bernardes,nm0076432,7,7,1,Drama
148,8,6,Edgar Brasil,nm0105393,7,7,1,Drama
148,8,7,Carmen Santos,nm0764009,7,7,1,Drama
148,8,8,Brutus Pedreira,nm0670083,7,7,1,Drama
139,8,1,Tony West,nm0922370,25,25,3,Drama
139,8,2,Bernadine Zuber,nm0958245,18,18,2,Adventure
139,8,3,nm6362240,nm6362240,9,9,1,Drama
139,8,4,T.H. Westfall,nm0922723,9,9,1,Drama
139,8,5,Oscar G. Briggs,nm0109071,9,9,1,Drama
139,8,6,Lillian De Turck,nm0211984,9,9,1,Drama
139,8,7,Gustave Kleeman,nm0458565,9,9,1,Drama
139,8,8,Chester Woods,nm0940534,9,9,1,Drama
59,8,1,Z.V. Young,nm0950175,7,7,1,Crime
59,8,2,Youth Mason,nm0557002,7,7,1,Crime
59,8,3,Vivian Carrols,nm0141039,7,7,1,Crime
59,8,4,Ted Williams,nm0931774,7,7,1,Crime
59,8,5,Norman Ward,nm0911763,7,7,1,Crime
59,8,6,Munzell Everett,nm0263558,7,7,1,Crime
59,8,7,Harriet Harris,nm0364747,7,7,1,Crime
59,8,8,Fred J. Williams,nm1067395,7,7,1,Crime
69,8,1,nm5250458,nm5250458,7,7,1,Adventure
69,8,2,nm4323422,nm4323422,7,7,1,Adventure
69,8,3,nm4303850,nm4303850,7,7,1,Adventure
69,8,4,Nah,nm0619546,7,7,1,Adventure
69,8,5,Ladah,nm0480428,7,7,1,Adventure
69,8,6,Kru,nm0472440,7,7,1,Adventure
69,8,7,Chantui,nm0152021,7,7,1,Adventure
69,8,8,Bimbo the Monkey,nm1465023,7,7,1,Adventure
78,8,1,Rafael Recio,nm0714490,7,7,1,Comedy
78,8,2,Marqués del Palmer,nm0215701,7,7,1,Comedy
78,8,3,Juana Ferrer,nm0274581,7,7,1,Comedy
78,8,4,Juan Fuster Rossinyol,nm0299379,7,7,1,Comedy
78,8,5,Juan Fortuny,nm0287454,7,7,1,Comedy
78,8,6,Jorge Dezcallar Moysi,nm0223416,7,7,1,Comedy
78,8,7,Fernando de España Dezcallar,nm0208284,7,7,1,Comedy
78,8,8,Anita Delgado,nm0216906,7,7,1,Comedy
180,8,1,Witarina Mitchell,nm0593812,7,7,1,Documentary
180,8,2,Te Paiaha,nm0656667,7,7,1,Documentary
180,8,3,Patiti Warbrick,nm0911297,7,7,1,Documentary
180,8,4,Paora Tomati,nm0866526,7,7,1,Documentary
180,8,5,Ohana Keeha,nm0444460,7,7,1,Documentary
180,8,6,Ewa Tapiri,nm0850027,7,7,1,Documentary
180,8,7,Apirlhana Wiari,nm0926716,7,7,1,Documentary
180,8,8,Ani Warbrick,nm0911296,7,7,1,Documentary
4,7,1,Dorris Dare,nm0201119,28,28,5,Drama
4,7,2,William Harcourt,nm0362012,7,7,1,Comedy
4,7,3,Walter Beckwith,nm0065893,7,7,1,Comedy
4,7,4,Violet Mack,nm0533094,7,7,1,Comedy
4,7,5,Helen Adams,nm0011013,7,7,1,Comedy
4,7,6,Ethelda Marguerite Bleibtrey,nm13208713,7,7,1,Comedy
4,7,7,Edward Scanlon,nm0768961,7,7,1,Comedy
73,7,1,Margarita Cantón,nm0134787,6,6,1,Romance
73,7,2,Francisco Escobedo,nm0260362,6,6,1,Romance
73,7,3,Evelia Padilla,nm0655719,6,6,1,Romance
73,7,4,Ernesto Agüeros,nm0013827,6,6,1,Romance
73,7,5,Emma Padilla,nm0655718,6,6,1,Romance
73,7,6,Carlos de Juambelz,nm0209051,6,6,1,Romance
73,7,7,Carlos Clindor,nm0166817,6,6,1,Romance
34,7,1,nm8563740,nm8563740,6,6,1,Adventure
34,7,2,Matahi,nm0558038,6,6,1,Adventure
34,7,3,Jules,nm0432157,6,6,1,Adventure
34,7,4,Hitu,nm0386979,6,6,1,Adventure
34,7,5,Bill Bambridge,nm0051447,6,6,1,Adventure
34,7,6,Anne Chevalier,nm0156617,6,6,1,Adventure
34,7,7,Ah Fong,nm1408518,6,6,1,Adventure
98,7,1,nm2914891,nm2914891,6,6,1,Unknown
98,7,2,nm2910878,nm2910878,6,6,1,Unknown
98,7,3,Roberto Bianchi Montero,nm0080576,6,6,1,Unknown
98,7,4,Lilia Silvi,nm0799197,6,6,1,Unknown
98,7,5,Dante Ciriaci,nm1486194,6,6,1,Unknown
98,7,6,Beatrice Mancini,nm0541445,6,6,1,Unknown
98,7,7,Antonio Gradoli,nm0333560,6,6,1,Unknown
44,7,1,Prokashmoni,nm1272814,6,6,1,Drama
44,7,2,Prabha Devi,nm0694881,6,6,1,Drama
44,7,3,Phani Roy,nm1365119,6,6,1,Drama
44,7,4,Maya Mukherjee,nm1381041,6,6,1,Drama
44,7,5,Manorama Devi,nm1503909,6,6,1,Drama
44,7,6,Jiben Bose,nm0097873,6,6,1,Drama
44,7,7,Chhabi Biswas,nm0084435,6,6,1,Drama
89,7,1,nm8672553,nm8672553,6,6,1,Documentary
89,7,2,nm8006465,nm8006465,6,6,1,Documentary
89,7,3,nm8006464,nm8006464,6,6,1,Documentary
89,7,4,Ta'avale,nm0845808,6,6,1,Documentary
89,7,5,T'ugaita,nm0845774,6,6,1,Documentary
89,7,6,Pe'a,nm15198698,6,6,1,Documentary
89,7,7,Fa'amgase,nm0264390,6,6,1,Documentary
200,7,1,Sakina,nm0757202,6,6,1,Drama
200,7,2,Prabha Shanker,nm14112092,6,6,1,Drama
200,7,3,Maneklal Patel,nm0665381,6,6,1,Drama
200,7,4,Khalil,nm14112093,6,6,1,Drama
200,7,5,Homi Master,nm0557630,6,6,1,Drama
200,7,6,Gangaram,nm0304314,6,6,1,Drama
200,7,7,Dwarkadas Narendas Sampat,nm14112091,6,6,1,Drama
181,7,1,nm6134369,nm6134369,21,6,9,Comedy
181,7,2,Clovis Butler,nm15575746,18,8,5,Comedy
181,7,3,Marjorie Harrison,nm15523771,14,7,4,Comedy
181,7,4,Myrtle Montgomery,nm15585010,14,6,3,Comedy
181,7,5,Rebecca McKee,nm15585149,10,6,2,Comedy
181,7,6,Dolly Hughes,nm15585150,6,6,1,Comedy
181,7,7,Viola Brown,nm11154165,2,2,1,Comedy
192,7,1,Ramón Orrico Vidal,nm0650650,6,6,2,Unknown
192,7,2,Ángel Carratala,nm0140102,4,4,1,Unknown
192,7,3,Luisito Courdel,nm0183691,4,4,1,Unknown
192,7,4,Luis Courdecq,nm0183690,4,4,1,Unknown
192,7,5,Juanita Díaz,nm0246636,4,4,1,Unknown
192,7,6,José García de los Ríos,nm1257211,2,2,1,Unknown
192,7,7,Gabriel Cots,nm1256837,2,2,1,Unknown
8,6,1,nm6958149,nm6958149,5,5,1,Drama
8,6,2,Mary Alice Nelson Archambaud,nm0819492,5,5,1,Drama
8,6,3,Chief Yellow Robe,nm0157291,5,5,1,Drama
8,6,4,Chief Buffalo Child Long Lance,nm0518859,5,5,1,Drama
8,6,5,Chief Akawanush,nm0015120,5,5,1,Drama
8,6,6,Cheeka,nm0154888,5,5,1,Drama
13,6,1,nm4752207,nm4752207,5,5,1,Documentary
13,6,2,Cunayou,nm0192066,5,5,1,Documentary
13,6,3,Berry Kroeger,nm0471854,5,5,1,Documentary
13,6,4,Allegoo,nm0020180,5,5,1,Documentary
13,6,5,Allakariallak,nm1354245,5,5,1,Documentary
13,6,6,Alice Nevalinga,nm0638725,5,5,1,Documentary
188,6,1,Yanina Mirato,nm2217312,5,5,1,Adventure
188,6,2,Vladimir Mayakovsky,nm0562194,5,5,1,Adventure
188,6,3,Vasili Kamensky,nm0436578,5,5,1,Adventure
188,6,4,Margerita Kibalchich,nm0452116,5,5,1,Adventure
188,6,5,Lev Grinkrug,nm12055555,5,5,1,Adventure
188,6,6,David Burlyuk,nm0122169,5,5,1,Adventure
81,6,1,nm3071427,nm3071427,5,5,1,Drama
81,6,2,William Duff,nm0240418,5,5,1,Drama
81,6,3,Rhoda Dendron,nm0218953,5,5,1,Drama
81,6,4,Lance Vane,nm0888988,5,5,1,Drama
81,6,5,George Merriman,nm0581353,5,5,1,Drama
81,6,6,Arthur Guest,nm0346387,5,5,1,Drama
130,6,1,Patrick Ennis,nm0257897,5,5,1,Drama
130,6,2,P.J. Bourke,nm13782575,5,5,1,Drama
130,6,3,Fred O'Donovan,nm0640901,5,5,1,Drama
130,6,4,Dominick Reilly,nm0717671,5,5,1,Drama
130,6,5,Barry O'Brien,nm0639435,5,5,1,Drama
130,6,6,Barney Magee,nm0535827,5,5,1,Drama
119,6,1,nm3711908,nm3711908,5,5,1,Adventure
119,6,2,nm3710919,nm3710919,5,5,1,Adventure
119,6,3,nm3693250,nm3693250,5,5,1,Adventure
119,6,4,Herbert Kluge,nm0460184,5,5,1,Adventure
119,6,5,Gösta Nordhaus,nm2137287,5,5,1,Adventure
119,6,6,A.P. von Gontard,nm0902321,5,5,1,Adventure
149,6,1,Reg Perry,nm0675260,6,6,2,Short
149,6,2,Orrie Perry,nm0675239,5,5,1,Biography
149,6,3,Mr. Graham,nm1011210,5,5,1,Biography
149,6,4,John Jones,nm1012621,5,5,1,Biography
149,6,5,Harold Graham,nm1012612,5,5,1,Biography
149,6,6,Beatrice Day,nm1010955,5,5,1,Biography
161,6,1,Anna Sedlácková,nm1053222,5,5,2,Comedy
161,6,2,nm2727220,nm2727220,5,5,1,Comedy
161,6,3,nm2725710,nm2725710,5,5,1,Comedy
161,6,4,Karel Vána,nm1059690,5,5,1,Comedy
161,6,5,Jára Sedlácek,nm1824687,5,5,1,Comedy
161,6,6,Alois Sedlácek,nm0781361,5,5,1,Comedy
1,5,1,Juan Mañe,nm0563758,4,4,1,Short
1,5,2,José Amigo,nm0024876,4,4,1,Short
1,5,3,Fructuós Gelabert,nm0005717,4,4,1,Short
1,5,4,Antonio Masia,nm0556371,4,4,1,Short
1,5,5,Antonio Fino,nm0278321,4,4,1,Short
7,5,1,Emídio Ribeiro Pratas,nm0722800,4,4,2,Comedy
7,5,2,Trindade Junior,nm0432700,4,4,1,Comedy
7,5,3,Fernando Domingos,nm0231489,4,4,1,Comedy
7,5,4,Aníbal Contreiras,nm0176470,4,4,1,Comedy
7,5,5,Aníbal Aguiar,nm0013412,4,4,1,Comedy
29,5,1,Rafael G. Guardiano,nm0345332,4,4,1,Unknown
29,5,2,José Sánchez Vázquez,nm0844800,4,4,1,Unknown
29,5,3,Josefina Avilés,nm0043188,4,4,1,Unknown
29,5,4,Isabel Molina,nm0596700,4,4,1,Unknown
29,5,5,Carlos Gutiérrez,nm0349477,4,4,1,Unknown
47,5,1,Tony Bulandra,nm1616439,4,4,1,Drama
47,5,2,Lucia Sturza-Bulandra,nm0836458,4,4,1,Drama
47,5,3,Grigore Brezeanu,nm0108345,4,4,1,Drama
47,5,4,Constantin Neamtu-Ottonel,nm1617025,4,4,1,Drama
47,5,5,Aurel Barbelian,nm1714653,4,4,1,Drama
54,5,1,Señorita de Mensaque,nm0579798,4,4,1,Unknown
54,5,2,Señorita de Marín,nm0210160,4,4,1,Unknown
54,5,3,Salvador Calderón Beut,nm0129582,4,4,1,Unknown
54,5,4,El Marqués de Aracena,nm0207116,4,4,1,Unknown
54,5,5,Anita Calderón Beut,nm0129581,4,4,1,Unknown
62,5,1,Richard Ross,nm0743772,5,5,1,Documentary
62,5,2,Lulu McGrath,nm0569840,5,5,1,Documentary
62,5,3,Jay Rescher,nm0720192,5,5,1,Documentary
62,5,4,J. Ernest Williamson,nm0932048,5,5,1,Documentary
62,5,5,Asa Cassidy,nm0144158,5,5,1,Documentary
137,5,1,James J. Gilbert,nm0318086,4,4,1,Drama
137,5,2,Gregorio Ticman,nm0862713,4,4,1,Drama
137,5,3,Eduardo de Castro,nm0145527,4,4,1,Drama
137,5,4,Armanda Mangbitang,nm0542159,4,4,1,Drama
137,5,5,Adelina Moreno,nm0603853,4,4,1,Drama
147,5,1,Nance Newman,nm10230998,4,4,1,Drama
147,5,2,Mildred Dunnock,nm0242972,4,4,1,Drama
147,5,3,J. Thomas Hopkins,nm10230999,4,4,1,Drama
147,5,4,George E. Patton,nm0666566,4,4,1,Drama
147,5,5,Adelaide M. Chase,nm0153677,4,4,1,Drama
83,5,1,nm6244882,nm6244882,4,4,1,Musical
83,5,2,nm6244881,nm6244881,4,4,1,Musical
83,5,3,nm4973533,nm4973533,4,4,1,Musical
83,5,4,The Melodians,nm10108168,4,4,1,Musical
83,5,5,Joan du Toit,nm0238980,4,4,1,Musical
94,5,1,Sylvia Ormonde,nm0650266,4,4,1,Drama
94,5,2,Richard A. Stratton,nm0833679,4,4,1,Drama
94,5,3,Harry Fredericks,nm0292848,4,4,1,Drama
94,5,4,Arthur Limpke,nm1784613,4,4,1,Drama
94,5,5,Alfred Ryden,nm0753075,4,4,1,Drama
96,5,1,Paul Gillette,nm0319059,5,5,1,Unknown
96,5,2,Lawrence Katzenberg,nm0441900,5,5,1,Unknown
96,5,3,Jack O'Connor,nm0640363,5,5,1,Unknown
96,5,4,Harry L. Stevenson,nm0828946,5,5,1,Unknown
96,5,5,A.C. Posey,nm0692655,5,5,1,Unknown
101,5,1,Zora Markovic,nm1283733,4,4,1,Unknown
101,5,2,Zlata Lanovic,nm1283549,4,4,1,Unknown
101,5,3,Mato Grkovic,nm0342746,4,4,1,Unknown
101,5,4,Krunoslava Ebric-Frlic,nm1029202,4,4,1,Unknown
101,5,5,Branko Marjanovic,nm0548189,4,4,1,Unknown
105,5,1,Melville Webber,nm0916410,4,4,1,Horror
105,5,2,Hildegarde Watson,nm0914656,4,4,1,Horror
105,5,3,Herbert Stern,nm0827712,4,4,1,Horror
105,5,4,Friedrich Haak,nm0351794,4,4,1,Horror
105,5,5,Dorthea House,nm0396652,4,4,1,Horror
142,5,1,nm4104799,nm4104799,4,4,1,Drama
142,5,2,Thérèse Reignier,nm0717588,4,4,1,Drama
142,5,3,Pierre Chanot,nm12376262,4,4,1,Drama
142,5,4,Georges Oltramare,nm0648210,4,4,1,Drama
142,5,5,Claude Harold,nm0363729,4,4,1,Drama
202,5,1,nm6679397,nm6679397,5,5,1,Action
202,5,2,nm6679396,nm6679396,5,5,1,Action
202,5,3,nm6679394,nm6679394,5,5,1,Action
202,5,4,J.C. Smith,nm1347478,5,5,1,Action
202,5,5,Columbia Eneutseak,nm1563056,5,5,1,Action
201,5,1,Gloria Gomez Sarabia,nm1514340,4,4,1,Drama
201,5,2,Emilio Ornelas,nm1515763,4,4,1,Drama
201,5,3,Claudia Beltran,nm1513282,4,4,1,Drama
201,5,4,Aurora Herrera,nm1514551,4,4,1,Drama
201,5,5,Alejandro de Mezzi,nm1517211,4,4,1,Drama
77,4,1,nm9858110,nm9858110,5,3,2,Animation
77,4,2,nm9858109,nm9858109,5,3,2,Animation
77,4,3,Herbert M. Dawley,nm0205984,5,3,2,Animation
77,4,4,Willis H. O'Brien,nm0639891,3,3,1,Animation
85,4,1,William Vance,nm0888575,3,3,1,Short
85,4,2,Virginia Nicolson,nm0629931,3,3,1,Short
85,4,3,Orson Welles,nm0000080,3,3,1,Short
85,4,4,Edgerton Paul,nm0249297,3,3,1,Short
3,4,1,Pilar Gil,nm0317854,3,3,1,Drama
3,4,2,Izquierdo,nm0412767,3,3,1,Drama
3,4,3,Carmen Abril,nm0009377,3,3,1,Drama
3,4,4,Armando Lucas,nm0524078,3,3,1,Drama
127,4,1,Gunnar Berggren,nm0074527,3,3,1,Unknown
127,4,2,Ester Berggren,nm0074525,3,3,1,Unknown
127,4,3,Ebba Lindeberg,nm0511498,3,3,1,Unknown
127,4,4,Albin Andersson,nm0027612,3,3,1,Unknown
20,4,1,Rampiary,nm14490760,3,3,1,Unknown
20,4,2,Hyder Shah,nm0405045,3,3,1,Unknown
20,4,3,Durga,nm0244037,3,3,1,Unknown
20,4,4,Bapurao Apte,nm0032544,3,3,1,Unknown
21,4,1,Viktor Arens,nm0034347,3,3,1,Drama
21,4,2,N. Tschernobajewa,nm0874803,3,3,1,Drama
21,4,3,F. Werchowzewa,nm0921241,3,3,1,Drama
21,4,4,Alexander Wyrubow,nm0944104,3,3,1,Drama
30,4,1,nm9430304,nm9430304,3,3,1,Drama
30,4,2,Nazir,nm0623419,3,3,1,Drama
30,4,3,Bachan,nm0045372,3,3,1,Drama
30,4,4,Ali Athar,nm0040411,3,3,1,Drama
31,4,1,W.R. Bell,nm0068572,3,3,1,Drama
31,4,2,Nan Wilkie,nm0929216,3,3,1,Drama
31,4,3,Jack Baker,nm0048534,3,3,1,Drama
31,4,4,David Watt,nm0914962,3,3,1,Drama
205,4,1,Piet van Duin,nm1717466,3,3,1,Short
205,4,2,Jef Last,nm0489905,3,3,1,Short
205,4,3,Hein Blok,nm0088851,3,3,1,Short
205,4,4,Co Sieger,nm1717782,3,3,1,Short
42,4,1,Mario Guaita-Ausonia,nm0345208,3,3,1,Adventure
42,4,2,Gaetano Rossi,nm0744191,3,3,1,Adventure
42,4,3,Elsa Zara,nm0953325,3,3,1,Adventure
42,4,4,Dino Bonaiuti,nm0093717,3,3,1,Adventure
58,4,1,nm9880573,nm9880573,3,3,1,Comedy
58,4,2,Jorge Gentil,nm0313043,3,3,1,Comedy
58,4,3,Elence da Comp. do Teatro Gymnasio,nm2086836,3,3,1,Comedy
58,4,4,António Cardoso,nm0136615,3,3,1,Comedy
72,4,1,Tom Hing,nm0385749,3,3,1,Drama
72,4,2,Lin Neong,nm0626105,3,3,1,Drama
72,4,3,Lee Gow,nm0332910,3,3,1,Drama
72,4,4,Hoo Ching,nm0157867,3,3,1,Drama
155,4,1,Áurea de Aremar,nm0207142,3,3,1,Comedy
155,4,2,José Medina Filho,nm0575626,3,3,1,Comedy
155,4,3,Carlos Ferreira,nm0272276,3,3,1,Comedy
155,4,4,Alfredo Roussy,nm0746104,3,3,1,Comedy
86,4,1,Svein Lysell,nm0529258,3,3,1,Comedy
86,4,2,Lizzie Florelius,nm0282651,3,3,1,Comedy
86,4,3,Leif Enger,nm0257357,3,3,1,Comedy
86,4,4,Katja Wallier,nm0909149,3,3,1,Comedy
125,4,1,Rahel Olbrei,nm0646030,3,3,1,Drama
125,4,2,Nadezda Peedi-Hoffman,nm0670212,3,3,1,Drama
125,4,3,Elfi Lepp-Stroobel,nm0503364,3,3,1,Drama
125,4,4,Ants Eskola,nm0260663,3,3,1,Drama
102,4,1,Silas Miracle,nm0591971,3,3,1,Drama
102,4,2,Reb Grogan,nm0342944,3,3,1,Drama
102,4,3,Helen Mundy,nm0612770,3,3,1,Drama
102,4,4,Forrest James,nm0416491,3,3,1,Drama
110,4,1,Gerda Henschen-Nygren,nm0378072,3,3,1,Unknown
110,4,2,Ester Riwkin,nm0729725,3,3,1,Unknown
110,4,3,Ernst Högberg,nm0405835,3,3,1,Unknown
110,4,4,Börje Lundh,nm0526464,3,3,1,Unknown
123,4,1,Manuel Truán,nm0874478,3,3,1,Comedy
123,4,2,Luis Julio Llaneza,nm0515661,3,3,1,Comedy
123,4,3,Conchita de la Viña,nm0479177,3,3,1,Comedy
123,4,4,Adolfo Trapote,nm0871098,3,3,1,Comedy
128,4,1,nm2354154,nm2354154,3,3,1,Documentary
128,4,2,nm2350007,nm2350007,3,3,1,Documentary
128,4,3,Félicien Trewey,nm1151424,3,3,1,Documentary
128,4,4,Antoine Lumière,nm0525907,3,3,1,Documentary
132,4,1,José Pérez,nm0702207,3,3,1,Drama
132,4,2,José Martín Caro,nm0554528,3,3,1,Drama
132,4,3,Herminia Mas,nm0543707,3,3,1,Drama
132,4,4,Chiquito de la Audiencia,nm1256427,3,3,1,Drama
153,4,1,Salvador Uriarte,nm1505168,3,3,1,Drama
153,4,2,Maria Luisa Escobar,nm1508627,3,3,1,Drama
153,4,3,Lupe Rivas Cacho,nm0729021,3,3,1,Drama
153,4,4,Domingo Mezzi,nm0583851,3,3,1,Drama
187,4,1,Johnnie Mullens,nm0612071,4,4,1,Documentary
187,4,2,Henry Grammar,nm1148936,4,4,1,Documentary
187,4,3,Charles Fuqua,nm1151934,4,4,1,Documentary
187,4,4,Arthur Patrick 'Pat' Long,nm1151967,4,4,1,Documentary
146,4,1,Narciso Puignau,nm0700209,3,3,2,Unknown
146,4,2,Vicenta Sanjordi,nm0762810,3,3,1,Unknown
146,4,3,Maria Pallar,nm0657793,3,3,1,Unknown
146,4,4,Joan Prats Vázquez,nm0695394,3,3,1,Unknown
14,3,1,Pitje Ambreville,nm0024344,2,2,1,Drama
14,3,2,Mademoiselle Saunières,nm0767008,2,2,1,Drama
14,3,3,Berryer,nm0077702,2,2,1,Drama
51,3,1,Wenga,nm0920952,2,2,1,Documentary
51,3,2,Sloca Bruna,nm0116025,2,2,1,Documentary
51,3,3,Ok-Ba-Ok,nm0645371,2,2,1,Documentary
55,3,1,Ramón Goñi,nm0333155,2,2,1,Documentary
55,3,2,Pedro Calderón,nm0129618,2,2,1,Documentary
55,3,3,Luisa Urios,nm0881970,2,2,1,Documentary
60,3,1,Salvador Rosich,nm0742958,2,2,1,History
60,3,2,Roberto Casaux,nm0143083,2,2,1,History
60,3,3,Eliseo Gutiérrez,nm0349492,2,2,1,History
67,3,1,Herbert Trumper,nm0874346,2,2,1,Crime
67,3,2,Evelyn Cecil,nm0147694,2,2,1,Crime
67,3,3,Arthur Chisholm,nm0158208,2,2,1,Crime
70,3,1,Z. Valecskaya,nm0883927,2,2,1,Unknown
70,3,2,S. Zelinksy,nm0954557,2,2,1,Unknown
70,3,3,S. Chaplesky,nm0152223,2,2,1,Unknown
136,3,1,Sara Nobre,nm0633722,2,2,1,Drama
136,3,2,Conchita de Moraes,nm0210437,2,2,1,Drama
136,3,3,Atila Moraes,nm0602404,2,2,1,Drama
82,3,1,María del Carmen Sousa,nm0815979,2,2,1,Drama
82,3,2,José Gregori,nm0339692,2,2,1,Drama
82,3,3,Faustino Dorrosa,nm0234101,2,2,1,Drama
90,3,1,Yi-Min Wen,nm0920761,2,2,1,Action
90,3,2,Xuepeng Fan,nm0266662,2,2,1,Action
90,3,3,Shaoquan Zhu,nm0955817,2,2,1,Action
93,3,1,Philip B. Fleming,nm0281729,2,2,1,Documentary
93,3,2,Edward Richardson,nm0724524,2,2,1,Documentary
93,3,3,Baury Bradford Richardson,nm0724431,2,2,1,Documentary
104,3,1,nm4906549,nm4906549,2,2,2,Short
104,3,2,nm4905952,nm4905952,2,2,1,Comedy
104,3,3,Alice Guy,nm0349785,2,2,1,Comedy
169,3,1,nm7220207,nm7220207,2,2,1,Drama
169,3,2,Soon-goot,nm0814580,2,2,1,Drama
169,3,3,Hilde Hadges,nm0352805,2,2,1,Drama
111,3,1,Maurice Walter,nm0910093,2,2,1,Adventure
111,3,2,J.A. Hewson,nm0382132,2,2,1,Adventure
111,3,3,Arthur Villesid,nm0898337,2,2,1,Adventure
117,3,1,nm8448139,nm8448139,2,2,1,Documentary
117,3,2,Michael Kilgarriff,nm0453023,2,2,1,Documentary
117,3,3,David Timson,nm0863817,2,2,1,Documentary
126,3,1,Ferdinand Zecca,nm0954087,2,2,5,Short
126,3,2,Jean Liézer,nm0509806,2,2,1,Crime
126,3,3,Bretteau,nm1778194,2,2,1,Crime
141,3,1,José Augusto Monteiro Barbosa,nm1215822,2,2,1,Drama
141,3,2,Eva Nil,nm0632006,2,2,1,Drama
141,3,3,Bastos Estephânio,nm1216379,2,2,1,Drama
160,3,1,nm5718242,nm5718242,2,2,1,Comedy
160,3,2,Julie Seale,nm0780534,2,2,1,Comedy
160,3,3,Fred Storey,nm0832461,2,2,1,Comedy
165,3,1,William J. Wilson,nm0934300,2,2,1,Adventure
165,3,2,Bert Shepherd,nm0791746,2,2,1,Adventure
165,3,3,Arthur Voegtlin,nm0900812,2,2,1,Adventure
198,3,1,Zhengqiu Zheng,nm0955604,2,2,1,Comedy
198,3,2,Zhegu Zheng,nm1361251,2,2,1,Comedy
198,3,3,Ying Yu,nm1361238,2,2,1,Comedy
184,3,1,Reginald W. James,nm1040375,2,2,1,Action
184,3,2,Mr. Lepard,nm1894886,2,2,1,Action
184,3,3,Florence Williamson,nm1895457,2,2,1,Action
185,3,1,Sa-Ngiam Navisthira,nm10551214,2,2,1,Romance
185,3,2,Luang Pharotkamkoson,nm10551216,2,2,1,Romance
185,3,3,Khun Ram Pharotsat,nm10551215,2,2,1,Romance
215,3,1,nm8500969,nm8500969,2,2,1,Drama
215,3,2,nm8500968,nm8500968,2,2,1,Drama
215,3,3,Rosa Volpe,nm1281622,2,2,1,Drama
203,3,1,nm5121475,nm5121475,2,2,1,Drama
203,3,2,nm5121267,nm5121267,2,2,1,Drama
203,3,3,Anatole Thiberville,nm1597962,2,2,1,Drama
207,3,1,nm3428604,nm3428604,2,2,1,Drama
207,3,2,Ilse Berger,nm1922495,2,2,1,Drama
207,3,3,Gyula Balogh,nm1921756,2,2,1,Drama
209,3,1,nm2499394,nm2499394,2,2,1,Drama
209,3,2,nm2499139,nm2499139,2,2,1,Drama
209,3,3,nm2495751,nm2495751,2,2,1,Drama
99,3,1,Laura Bayley,nm0809419,3,2,5,Short
99,3,2,Tom Green,nm0338379,2,1,3,Comedy
99,3,3,George Albert Smith,nm0808310,1,1,1,Comedy
170,2,1,Julie Souplet,nm0815907,3,1,3,Short
170,2,2,Geneviève Koch,nm0462306,3,1,3,Short
191,2,1,Jim M. Walve,nm1253682,2,1,2,Comedy
191,2,2,Carol Davis Morel,nm0204118,2,1,2,Comedy
122,2,1,Miriam Kressyn,nm0470960,2,1,2,Short
122,2,2,Hy Jacobson,nm0414849,2,1,2,Short
183,2,1,Siegmund Lubin,nm0002615,1,1,1,Drama
183,2,2,Randolph Feelgood,nm10342565,1,1,1,Drama
5,2,1,Rosetta Conn,nm0174907,1,1,1,Biography
5,2,2,B. Adler,nm0012108,1,1,1,Biography
9,2,1,Vicente Enhart,nm0257828,1,1,1,Short
9,2,2,Antonio Alegría,nm0017826,1,1,1,Short
19,2,1,nm3074813,nm3074813,1,1,1,Documentary
19,2,2,Jakub Appenszlak,nm0032279,1,1,1,Documentary
37,2,1,Marty Baratz,nm0053122,1,1,1,Short
37,2,2,Goldie Eisenman,nm0252042,1,1,1,Short
156,2,1,Nuria Rovira,nm0746346,1,1,1,Unknown
156,2,2,Matilde de Barrenechea,nm0056862,1,1,1,Unknown
178,2,1,Henry Vorins,nm0903455,1,1,1,Drama
178,2,2,Denise Becker,nm0065393,1,1,1,Drama
92,2,1,Miriam Ferris,nm0274909,1,1,1,Crime
92,2,2,Margaret Belona,nm0069421,1,1,1,Crime
138,2,1,Arthur Bigelow,nm0081736,1,1,1,Drama
138,2,2,A.N. Murphy,nm0614069,1,1,1,Drama
97,2,1,Lydia Bottini,nm0098696,1,1,2,Short
97,2,2,Joaquín Giner,nm0319946,1,1,1,Unknown
45,2,1,Margaret Bray,nm0106234,1,1,1,Animation
45,2,2,John Randolph Bray,nm0106218,1,1,1,Animation
46,2,1,James Henry Breasted,nm0106453,1,1,1,Documentary
46,2,2,Charles Breasted,nm0106452,1,1,1,Documentary
134,2,1,María Rosa Millafleurs,nm0587603,1,1,1,Short
134,2,2,José Caho,nm0128728,1,1,1,Short
57,2,1,Señorita Tierols,nm0862957,1,1,1,Unknown
57,2,2,José Capsir,nm0135695,1,1,1,Unknown
133,2,1,Julienne Mathieu,nm0558863,1,1,3,Short
133,2,2,Segundo de Chomón,nm0159015,1,1,1,Animation
84,2,1,François Clerc,nm0166380,1,1,1,Comedy
84,2,2,Benoît Duval,nm0244989,1,1,1,Comedy
212,2,1,nm3793243,nm3793243,1,1,1,Unknown
212,2,2,Bhaurao Datar,nm0202129,1,1,1,Unknown
79,2,1,El Mochuelo,nm0252720,1,1,1,Unknown
79,2,2,Antonio del Pozo,nm0215752,1,1,1,Unknown
87,2,1,Fred Evans,nm0262763,1,1,3,Comedy
87,2,2,Joe Evans,nm0262902,1,1,1,Comedy
88,2,1,Lupita Garcí-Nuño,nm0305524,1,1,1,Unknown
88,2,2,Josecho Ezcurra,nm0264307,1,1,1,Unknown
91,2,1,Secundino Fernández,nm0273764,1,1,1,Comedy
91,2,2,Luis San Gregorio,nm0760648,1,1,1,Comedy
159,2,1,Wilf Gannon,nm0304493,1,1,1,Comedy
159,2,2,Hilda Sayer,nm0768445,1,1,1,Comedy
120,2,1,Klara Kollent,nm0464189,1,1,1,Short
120,2,2,Joseph Giampietro,nm0316220,1,1,1,Short
100,2,1,William J. Otts,nm0653343,1,1,1,Drama
100,2,2,Nevada Grey,nm0340646,1,1,1,Drama
199,2,1,Kashinath,nm1405355,1,1,1,Unknown
199,2,2,Gulab,nm0347653,1,1,1,Unknown
175,2,1,Socrate Tommasi,nm0866903,1,1,1,Short
175,2,2,Bianca Hubner,nm0399536,1,1,1,Short
113,2,1,nm5661573,nm5661573,1,1,1,Music
113,2,2,Ina Ray Hutton,nm0404627,1,1,1,Music
116,2,1,Mikhail Kaufman,nm0442227,1,1,1,Documentary
116,2,2,Elizaveta Svilova,nm0841294,1,1,1,Documentary
144,2,1,John Ott,nm0653042,1,1,1,Short
144,2,2,Charles Kayser,nm0443482,1,1,1,Short
118,2,1,Tomu Uchida,nm0879755,1,1,1,Unknown
118,2,2,Teinosuke Kinugasa,nm0455938,1,1,1,Unknown
206,2,1,Victor Betzonich,nm1854449,1,1,1,Drama
206,2,2,Francesca Nathansen,nm0622273,1,1,1,Drama
140,2,1,R.D. Nicholson,nm0629906,1,1,1,Drama
140,2,2,Herbert Sydney,nm0842990,1,1,1,Drama
152,2,1,Thurston Harris,nm2140812,1,1,1,Comedy
152,2,2,Gertie Potter,nm0693275,1,1,1,Comedy
158,2,1,Georgiy Samoylov,nm0759959,1,1,1,Drama
158,2,2,A. Rusinov,nm0750793,1,1,1,Drama
167,2,1,Primitivo Sierra,nm0797295,1,1,1,Unknown
167,2,2,María del Carmen Martínez,nm1053593,1,1,1,Unknown
196,2,1,Max Büttner,nm13155558,1,1,1,Short
196,2,2,Eugen Skladanowsky,nm0804433,1,1,1,Short
168,2,1,Menasha Skulnik,nm0804942,1,1,1,Short
168,2,2,Judi Gassel,nm1009424,1,1,1,Short
171,2,1,Wladyslaw Starewicz,nm0823088,1,1,2,Short
171,2,2,Nina Star,nm1632894,1,1,2,Short
172,2,1,Jan Wichniekski,nm1742621,1,1,1,Animation
172,2,2,Irene Starewicz,nm0823089,1,1,1,Animation
182,2,1,Lowell Thomas,nm0859180,1,1,1,Comedy
182,2,2,Christopher Young,nm0949397,1,1,1,Comedy
177,2,1,Tilly von Kaulbach,nm0902509,1,1,1,Drama
177,2,2,Fridtjof Kaulbach,nm1845377,1,1,1,Drama
186,2,1,Pearl Bambury,nm11302514,1,1,1,Unknown
186,2,2,Charles Evans,nm11302511,1,1,1,Unknown
193,2,1,Rosita Barberán,nm1260101,1,1,1,Unknown
193,2,2,Ketty Murcy,nm1261151,1,1,1,Unknown
194,2,1,T.W.H. Veale,nm1273315,1,1,1,War
194,2,2,James Richardson,nm1270825,1,1,1,War
195,2,1,Kikugoro Onoe V,nm1272675,1,1,1,Horror
195,2,2,Danjuro Ichikawa,nm1272063,1,1,1,Horror
210,2,1,nm2940350,nm2940350,1,1,2,Short
210,2,2,nm2940072,nm2940072,1,1,2,Short
211,2,1,nm3692829,nm3692829,1,1,1,Documentary
211,2,2,nm3691272,nm3691272,1,1,1,Documentary
